{"cameraMode":{"drawMode":0,"name":"Shaded","section":"Shading Mode"},"sceneLighting":true,"audioPlay":false,"sceneViewState":{"showFog":true,"showMaterialUpdate":false,"showSkybox":true,"showFlares":true,"showImageEffects":true,"showParticleSystems":true,"showVisualEffectGraphs":true,"m_FxEnabled":true},"in2DMode":false,"pivot":{"x":11.300662994384766,"y":3.1062750816345217,"z":36.875282287597659},"rotation":{"x":-0.049402154982089999,"y":0.32076379656791689,"z":0.016759010031819345,"w":0.9457284808158875},"size":10.241711616516114,"orthographic":false}