{"cameraMode":{"drawMode":0,"name":"Shaded","section":"Shading Mode"},"sceneLighting":true,"audioPlay":false,"sceneViewState":{"showFog":true,"showMaterialUpdate":false,"showSkybox":true,"showFlares":true,"showImageEffects":true,"showParticleSystems":true,"showVisualEffectGraphs":true,"m_FxEnabled":true},"in2DMode":false,"pivot":{"x":-1.7070000171661378,"y":1.2000000476837159,"z":1.7200000286102296},"rotation":{"x":0.004807372577488422,"y":0.028491511940956117,"z":-0.00013426780060399324,"w":0.9995890855789185},"size":0.8740876317024231,"orthographic":false}