{"cameraMode":{"drawMode":0,"name":"Shaded","section":"Shading Mode"},"sceneLighting":true,"audioPlay":false,"sceneViewState":{"showFog":true,"showMaterialUpdate":false,"showSkybox":true,"showFlares":true,"showImageEffects":true,"showParticleSystems":true,"showVisualEffectGraphs":true,"m_FxEnabled":true},"in2DMode":false,"pivot":{"x":0.3001670837402344,"y":2.0567409992218019,"z":20.090167999267579},"rotation":{"x":-0.014748730696737767,"y":0.4794456362724304,"z":-0.00806268397718668,"w":-0.8774167895317078},"size":8.736332893371582,"orthographic":false}