{"cameraMode":{"drawMode":0,"name":"Shaded","section":"Shading Mode"},"sceneLighting":true,"audioPlay":false,"sceneViewState":{"showFog":true,"showMaterialUpdate":false,"showSkybox":true,"showFlares":true,"showImageEffects":true,"showParticleSystems":true,"showVisualEffectGraphs":true,"m_FxEnabled":true},"in2DMode":false,"pivot":{"x":1.1114506721496583,"y":0.3723905682563782,"z":3.450989246368408},"rotation":{"x":-0.08406154811382294,"y":-0.059157248586416247,"z":0.004999538417905569,"w":-0.9946944713592529},"size":2.0499520301818849,"orthographic":false}