{"cameraMode":{"drawMode":0,"name":"Shaded","section":"Shading Mode"},"sceneLighting":true,"audioPlay":false,"sceneViewState":{"showFog":true,"showMaterialUpdate":false,"showSkybox":true,"showFlares":true,"showImageEffects":true,"showParticleSystems":true,"showVisualEffectGraphs":true,"m_FxEnabled":true},"in2DMode":false,"pivot":{"x":-1.1869945526123047,"y":1.0106474161148072,"z":17.039283752441408},"rotation":{"x":-0.038681019097566608,"y":0.5620443820953369,"z":-0.026330998167395593,"w":-0.8257890343666077},"size":8.736332893371582,"orthographic":false}